INSERT INTO [VitalSign]([VitalSignID],[VitalSignName],[VitalSignInitial],[SRVitalSignGroup],[RowIndexInGroup],[ValueType],[StandardReferenceID],[EntryMask],[VitalSignUnit],[NumType],[NumDecimalDigits],[NumMinValue],[NumMaxValue],[NumMaxLength],[IsMonitoring],[IsChart],[ChartColor],[ChartMinValue],[ChartMaxValue],[LastUpdateDateTime],[LastUpdateByUserID],[QuestionID],[ParentVitalSignID])
VALUES(N'PTG.KJ.DJJ',N'Denyut Jantung Janin',NULL,NULL,NULL,N'NUM',NULL,NULL,NULL,NULL,0,100,180,NULL,NULL,NULL,NULL,NULL,NULL,NULL,NULL,NULL,NULL);
INSERT INTO [VitalSign]([VitalSignID],[VitalSignName],[VitalSignInitial],[SRVitalSignGroup],[RowIndexInGroup],[ValueType],[StandardReferenceID],[EntryMask],[VitalSignUnit],[NumType],[NumDecimalDigits],[NumMinValue],[NumMaxValue],[NumMaxLength],[IsMonitoring],[IsChart],[ChartColor],[ChartMinValue],[ChartMaxValue],[LastUpdateDateTime],[LastUpdateByUserID],[QuestionID],[ParentVitalSignID])
VALUES(N'PTG.KJ.KTB',N'Air Ketuban',NULL,NULL,NULL,N'NUM',NULL,NULL,NULL,NULL,NULL,NULL,NULL,NULL,NULL,NULL,NULL,NULL,NULL,NULL,NULL,NULL,NULL);
INSERT INTO [VitalSign]([VitalSignID],[VitalSignName],[VitalSignInitial],[SRVitalSignGroup],[RowIndexInGroup],[ValueType],[StandardReferenceID],[EntryMask],[VitalSignUnit],[NumType],[NumDecimalDigits],[NumMinValue],[NumMaxValue],[NumMaxLength],[IsMonitoring],[IsChart],[ChartColor],[ChartMinValue],[ChartMaxValue],[LastUpdateDateTime],[LastUpdateByUserID],[QuestionID],[ParentVitalSignID])
VALUES(N'PTG.KJ.PNY',N'Penyusupan Tulang Kepala Janin (Molase/Molding)',NULL,NULL,NULL,N'NUM',NULL,NULL,NULL,NULL,NULL,NULL,NULL,NULL,NULL,NULL,NULL,NULL,NULL,NULL,NULL,NULL,NULL);
INSERT INTO [VitalSign]([VitalSignID],[VitalSignName],[VitalSignInitial],[SRVitalSignGroup],[RowIndexInGroup],[ValueType],[StandardReferenceID],[EntryMask],[VitalSignUnit],[NumType],[NumDecimalDigits],[NumMinValue],[NumMaxValue],[NumMaxLength],[IsMonitoring],[IsChart],[ChartColor],[ChartMinValue],[ChartMaxValue],[LastUpdateDateTime],[LastUpdateByUserID],[QuestionID],[ParentVitalSignID])
VALUES(N'PTG.KP.JMK',N'Jumlah Kontraksi Uterus',NULL,NULL,NULL,N'NUM',NULL,NULL,NULL,NULL,NULL,NULL,NULL,NULL,NULL,NULL,NULL,NULL,NULL,NULL,NULL,NULL,NULL);
INSERT INTO [VitalSign]([VitalSignID],[VitalSignName],[VitalSignInitial],[SRVitalSignGroup],[RowIndexInGroup],[ValueType],[StandardReferenceID],[EntryMask],[VitalSignUnit],[NumType],[NumDecimalDigits],[NumMinValue],[NumMaxValue],[NumMaxLength],[IsMonitoring],[IsChart],[ChartColor],[ChartMinValue],[ChartMaxValue],[LastUpdateDateTime],[LastUpdateByUserID],[QuestionID],[ParentVitalSignID])
VALUES(N'PTG.KP.KUT',N'Kontraksi Uterus',NULL,NULL,NULL,N'NUM',NULL,NULL,NULL,NULL,NULL,NULL,NULL,NULL,NULL,NULL,NULL,NULL,NULL,NULL,NULL,NULL,NULL);
INSERT INTO [VitalSign]([VitalSignID],[VitalSignName],[VitalSignInitial],[SRVitalSignGroup],[RowIndexInGroup],[ValueType],[StandardReferenceID],[EntryMask],[VitalSignUnit],[NumType],[NumDecimalDigits],[NumMinValue],[NumMaxValue],[NumMaxLength],[IsMonitoring],[IsChart],[ChartColor],[ChartMinValue],[ChartMaxValue],[LastUpdateDateTime],[LastUpdateByUserID],[QuestionID],[ParentVitalSignID])
VALUES(N'PTG.KP.PKP',N'Penurunan Kepala',NULL,NULL,NULL,N'NUM',NULL,NULL,NULL,NULL,NULL,NULL,NULL,NULL,NULL,NULL,NULL,NULL,NULL,NULL,NULL,NULL,NULL);
INSERT INTO [VitalSign]([VitalSignID],[VitalSignName],[VitalSignInitial],[SRVitalSignGroup],[RowIndexInGroup],[ValueType],[StandardReferenceID],[EntryMask],[VitalSignUnit],[NumType],[NumDecimalDigits],[NumMinValue],[NumMaxValue],[NumMaxLength],[IsMonitoring],[IsChart],[ChartColor],[ChartMinValue],[ChartMaxValue],[LastUpdateDateTime],[LastUpdateByUserID],[QuestionID],[ParentVitalSignID])
VALUES(N'PTG.KP.SVK',N'Pembukaan Serviks',NULL,NULL,NULL,N'NUM',NULL,NULL,NULL,NULL,NULL,NULL,NULL,NULL,NULL,NULL,NULL,NULL,NULL,NULL,NULL,NULL,NULL);
INSERT INTO [VitalSign]([VitalSignID],[VitalSignName],[VitalSignInitial],[SRVitalSignGroup],[RowIndexInGroup],[ValueType],[StandardReferenceID],[EntryMask],[VitalSignUnit],[NumType],[NumDecimalDigits],[NumMinValue],[NumMaxValue],[NumMaxLength],[IsMonitoring],[IsChart],[ChartColor],[ChartMinValue],[ChartMaxValue],[LastUpdateDateTime],[LastUpdateByUserID],[QuestionID],[ParentVitalSignID])
VALUES(N'PTG.OB.OBC',N'Pemberian Obat dan Cairan IV',NULL,NULL,NULL,N'NUM',NULL,NULL,NULL,NULL,NULL,NULL,NULL,NULL,NULL,NULL,NULL,NULL,NULL,NULL,NULL,NULL,NULL);
INSERT INTO [VitalSign]([VitalSignID],[VitalSignName],[VitalSignInitial],[SRVitalSignGroup],[RowIndexInGroup],[ValueType],[StandardReferenceID],[EntryMask],[VitalSignUnit],[NumType],[NumDecimalDigits],[NumMinValue],[NumMaxValue],[NumMaxLength],[IsMonitoring],[IsChart],[ChartColor],[ChartMinValue],[ChartMaxValue],[LastUpdateDateTime],[LastUpdateByUserID],[QuestionID],[ParentVitalSignID])
VALUES(N'PTG.OK.OKS',N'Pemberian Oksitoksin UI/500 ml: - Jumlah (ml)',NULL,NULL,NULL,N'NUM',NULL,NULL,NULL,NULL,NULL,NULL,NULL,NULL,NULL,NULL,NULL,NULL,NULL,NULL,NULL,NULL,NULL);
INSERT INTO [VitalSign]([VitalSignID],[VitalSignName],[VitalSignInitial],[SRVitalSignGroup],[RowIndexInGroup],[ValueType],[StandardReferenceID],[EntryMask],[VitalSignUnit],[NumType],[NumDecimalDigits],[NumMinValue],[NumMaxValue],[NumMaxLength],[IsMonitoring],[IsChart],[ChartColor],[ChartMinValue],[ChartMaxValue],[LastUpdateDateTime],[LastUpdateByUserID],[QuestionID],[ParentVitalSignID])
VALUES(N'PTG.OK.TTS',N'Pemberian Oksitoksin UI/500 ml: - Tetesan /menit',NULL,NULL,NULL,N'NUM',NULL,NULL,NULL,NULL,NULL,NULL,NULL,NULL,NULL,NULL,NULL,NULL,NULL,NULL,NULL,NULL,NULL);
INSERT INTO [VitalSign]([VitalSignID],[VitalSignName],[VitalSignInitial],[SRVitalSignGroup],[RowIndexInGroup],[ValueType],[StandardReferenceID],[EntryMask],[VitalSignUnit],[NumType],[NumDecimalDigits],[NumMinValue],[NumMaxValue],[NumMaxLength],[IsMonitoring],[IsChart],[ChartColor],[ChartMinValue],[ChartMaxValue],[LastUpdateDateTime],[LastUpdateByUserID],[QuestionID],[ParentVitalSignID])
VALUES(N'PTG.U.AST',N'Urine - Aseton (Partograph)',NULL,NULL,NULL,N'TXT',NULL,NULL,NULL,NULL,NULL,NULL,NULL,NULL,NULL,NULL,NULL,NULL,NULL,NULL,NULL,NULL,NULL);
INSERT INTO [VitalSign]([VitalSignID],[VitalSignName],[VitalSignInitial],[SRVitalSignGroup],[RowIndexInGroup],[ValueType],[StandardReferenceID],[EntryMask],[VitalSignUnit],[NumType],[NumDecimalDigits],[NumMinValue],[NumMaxValue],[NumMaxLength],[IsMonitoring],[IsChart],[ChartColor],[ChartMinValue],[ChartMaxValue],[LastUpdateDateTime],[LastUpdateByUserID],[QuestionID],[ParentVitalSignID])
VALUES(N'PTG.U.PTN',N'Urine - Protein (Partograph)',NULL,NULL,NULL,N'TXT',NULL,NULL,NULL,NULL,NULL,NULL,NULL,NULL,NULL,NULL,NULL,NULL,NULL,NULL,NULL,NULL,NULL);
INSERT INTO [VitalSign]([VitalSignID],[VitalSignName],[VitalSignInitial],[SRVitalSignGroup],[RowIndexInGroup],[ValueType],[StandardReferenceID],[EntryMask],[VitalSignUnit],[NumType],[NumDecimalDigits],[NumMinValue],[NumMaxValue],[NumMaxLength],[IsMonitoring],[IsChart],[ChartColor],[ChartMinValue],[ChartMaxValue],[LastUpdateDateTime],[LastUpdateByUserID],[QuestionID],[ParentVitalSignID])
VALUES(N'PTG.U.VOL',N'Urine - Volume (Partograph)',NULL,NULL,NULL,N'TXT',NULL,NULL,NULL,NULL,NULL,NULL,NULL,NULL,NULL,NULL,NULL,NULL,NULL,NULL,NULL,NULL,NULL);


INSERT INTO [Question]([QuestionID],[ParentQuestionID],[IndexNo],[QuestionLevel],[QuestionText],[QuestionShortText],[SRAnswerType],[AnswerDecimalDigit],[AnswerPrefix],[AnswerSuffix],[IsActive],[AnswerWidth],[AnswerWidth2],[QuestionAnswerSelectionID],[QuestionAnswerDefaultSelectionID],[QuestionAnswerSelectionID2],[QuestionAnswerDefaultSelectionID2],[Formula],[IsAlwaysPrint],[LastUpdateDateTime],[LastUpdateByUserID],[IsMandatory],[ReferenceQuestionID],[VitalSignID],[BodyID],[RelatedEntityName],[RelatedColumnName],[LookUpID],[IsUpdateRelatedEntity],[IsReadOnly],[NursingDisplayAs],[EquivalentQuestionID],[IsEmptyDefault],[IsNotOverWriteRelatedEntity])
VALUES(N'PTG.KJ.DJJ',NULL,NULL,NULL,N'Kondisi Janin: - Denyut Jantung Janin',NULL,N'NUM',0,NULL,NULL,NULL,NULL,NULL,NULL,'',NULL,'',NULL,NULL,NULL,N'han',NULL,NULL,N'PTG.KJ.DJJ',NULL,NULL,NULL,NULL,NULL,NULL,NULL,NULL,NULL,NULL);
INSERT INTO [Question]([QuestionID],[ParentQuestionID],[IndexNo],[QuestionLevel],[QuestionText],[QuestionShortText],[SRAnswerType],[AnswerDecimalDigit],[AnswerPrefix],[AnswerSuffix],[IsActive],[AnswerWidth],[AnswerWidth2],[QuestionAnswerSelectionID],[QuestionAnswerDefaultSelectionID],[QuestionAnswerSelectionID2],[QuestionAnswerDefaultSelectionID2],[Formula],[IsAlwaysPrint],[LastUpdateDateTime],[LastUpdateByUserID],[IsMandatory],[ReferenceQuestionID],[VitalSignID],[BodyID],[RelatedEntityName],[RelatedColumnName],[LookUpID],[IsUpdateRelatedEntity],[IsReadOnly],[NursingDisplayAs],[EquivalentQuestionID],[IsEmptyDefault],[IsNotOverWriteRelatedEntity])
VALUES(N'PTG.KJ.KTB',NULL,NULL,NULL,N'Kondisi Janin: - Air Ketuban',NULL,N'CBO',NULL,NULL,NULL,NULL,NULL,NULL,N'PTG.KJ.KTB','',NULL,'',NULL,NULL,NULL,N'han',NULL,NULL,N'PTG.KJ.KTB',NULL,NULL,NULL,NULL,NULL,NULL,NULL,NULL,NULL,NULL);
INSERT INTO [Question]([QuestionID],[ParentQuestionID],[IndexNo],[QuestionLevel],[QuestionText],[QuestionShortText],[SRAnswerType],[AnswerDecimalDigit],[AnswerPrefix],[AnswerSuffix],[IsActive],[AnswerWidth],[AnswerWidth2],[QuestionAnswerSelectionID],[QuestionAnswerDefaultSelectionID],[QuestionAnswerSelectionID2],[QuestionAnswerDefaultSelectionID2],[Formula],[IsAlwaysPrint],[LastUpdateDateTime],[LastUpdateByUserID],[IsMandatory],[ReferenceQuestionID],[VitalSignID],[BodyID],[RelatedEntityName],[RelatedColumnName],[LookUpID],[IsUpdateRelatedEntity],[IsReadOnly],[NursingDisplayAs],[EquivalentQuestionID],[IsEmptyDefault],[IsNotOverWriteRelatedEntity])
VALUES(N'PTG.KJ.PNY',NULL,NULL,NULL,N'Kondisi Janin: - Penyusupan Tulang Kepala Janin (Molase/Molding)',NULL,N'CBO',NULL,NULL,NULL,NULL,NULL,NULL,N'PTG.KJ.PNY','',NULL,'',NULL,NULL,NULL,N'han',NULL,NULL,N'PTG.KJ.PNY',NULL,NULL,NULL,NULL,NULL,NULL,NULL,NULL,NULL,NULL);
INSERT INTO [Question]([QuestionID],[ParentQuestionID],[IndexNo],[QuestionLevel],[QuestionText],[QuestionShortText],[SRAnswerType],[AnswerDecimalDigit],[AnswerPrefix],[AnswerSuffix],[IsActive],[AnswerWidth],[AnswerWidth2],[QuestionAnswerSelectionID],[QuestionAnswerDefaultSelectionID],[QuestionAnswerSelectionID2],[QuestionAnswerDefaultSelectionID2],[Formula],[IsAlwaysPrint],[LastUpdateDateTime],[LastUpdateByUserID],[IsMandatory],[ReferenceQuestionID],[VitalSignID],[BodyID],[RelatedEntityName],[RelatedColumnName],[LookUpID],[IsUpdateRelatedEntity],[IsReadOnly],[NursingDisplayAs],[EquivalentQuestionID],[IsEmptyDefault],[IsNotOverWriteRelatedEntity])
VALUES(N'PTG.KP.JMK',NULL,NULL,NULL,N'Kemajuan Persalinan: - Jumlah Kontraksi Uterus',NULL,N'CBO',NULL,NULL,NULL,NULL,NULL,NULL,N'[RANGE_0_TO_5]','',NULL,'',NULL,NULL,NULL,N'han',NULL,NULL,N'PTG.KP.JMK',NULL,NULL,NULL,NULL,NULL,NULL,NULL,NULL,NULL,NULL);
INSERT INTO [Question]([QuestionID],[ParentQuestionID],[IndexNo],[QuestionLevel],[QuestionText],[QuestionShortText],[SRAnswerType],[AnswerDecimalDigit],[AnswerPrefix],[AnswerSuffix],[IsActive],[AnswerWidth],[AnswerWidth2],[QuestionAnswerSelectionID],[QuestionAnswerDefaultSelectionID],[QuestionAnswerSelectionID2],[QuestionAnswerDefaultSelectionID2],[Formula],[IsAlwaysPrint],[LastUpdateDateTime],[LastUpdateByUserID],[IsMandatory],[ReferenceQuestionID],[VitalSignID],[BodyID],[RelatedEntityName],[RelatedColumnName],[LookUpID],[IsUpdateRelatedEntity],[IsReadOnly],[NursingDisplayAs],[EquivalentQuestionID],[IsEmptyDefault],[IsNotOverWriteRelatedEntity])
VALUES(N'PTG.KP.KUT',NULL,NULL,NULL,N'Kemajuan Persalinan: - Kontraksi Uterus',NULL,N'CBO',NULL,NULL,NULL,NULL,NULL,NULL,N'PTG.KP.KUT','',NULL,'',NULL,NULL,NULL,N'han',NULL,NULL,N'PTG.KP.KUT',NULL,NULL,NULL,NULL,NULL,NULL,NULL,NULL,NULL,NULL);
INSERT INTO [Question]([QuestionID],[ParentQuestionID],[IndexNo],[QuestionLevel],[QuestionText],[QuestionShortText],[SRAnswerType],[AnswerDecimalDigit],[AnswerPrefix],[AnswerSuffix],[IsActive],[AnswerWidth],[AnswerWidth2],[QuestionAnswerSelectionID],[QuestionAnswerDefaultSelectionID],[QuestionAnswerSelectionID2],[QuestionAnswerDefaultSelectionID2],[Formula],[IsAlwaysPrint],[LastUpdateDateTime],[LastUpdateByUserID],[IsMandatory],[ReferenceQuestionID],[VitalSignID],[BodyID],[RelatedEntityName],[RelatedColumnName],[LookUpID],[IsUpdateRelatedEntity],[IsReadOnly],[NursingDisplayAs],[EquivalentQuestionID],[IsEmptyDefault],[IsNotOverWriteRelatedEntity])
VALUES(N'PTG.KP.PKP',NULL,NULL,NULL,N'Kemajuan Persalinan: - Penurunan Kepala',NULL,N'CBO',NULL,NULL,NULL,NULL,NULL,NULL,N'[RANGE_0_TO_5]','',NULL,'',NULL,NULL,NULL,N'han',NULL,NULL,N'PTG.KP.PKP',NULL,NULL,NULL,NULL,NULL,NULL,NULL,NULL,NULL,NULL);
INSERT INTO [Question]([QuestionID],[ParentQuestionID],[IndexNo],[QuestionLevel],[QuestionText],[QuestionShortText],[SRAnswerType],[AnswerDecimalDigit],[AnswerPrefix],[AnswerSuffix],[IsActive],[AnswerWidth],[AnswerWidth2],[QuestionAnswerSelectionID],[QuestionAnswerDefaultSelectionID],[QuestionAnswerSelectionID2],[QuestionAnswerDefaultSelectionID2],[Formula],[IsAlwaysPrint],[LastUpdateDateTime],[LastUpdateByUserID],[IsMandatory],[ReferenceQuestionID],[VitalSignID],[BodyID],[RelatedEntityName],[RelatedColumnName],[LookUpID],[IsUpdateRelatedEntity],[IsReadOnly],[NursingDisplayAs],[EquivalentQuestionID],[IsEmptyDefault],[IsNotOverWriteRelatedEntity])
VALUES(N'PTG.KP.SVK',NULL,NULL,NULL,N'Kemajuan Persalinan: - Pembukaan Serviks',NULL,N'CBO',NULL,NULL,NULL,NULL,NULL,NULL,N'[RANGE_0_TO_10]','',NULL,'',NULL,NULL,NULL,N'han',NULL,NULL,N'PTG.KP.SVK',NULL,NULL,NULL,NULL,NULL,NULL,NULL,NULL,NULL,NULL);
INSERT INTO [Question]([QuestionID],[ParentQuestionID],[IndexNo],[QuestionLevel],[QuestionText],[QuestionShortText],[SRAnswerType],[AnswerDecimalDigit],[AnswerPrefix],[AnswerSuffix],[IsActive],[AnswerWidth],[AnswerWidth2],[QuestionAnswerSelectionID],[QuestionAnswerDefaultSelectionID],[QuestionAnswerSelectionID2],[QuestionAnswerDefaultSelectionID2],[Formula],[IsAlwaysPrint],[LastUpdateDateTime],[LastUpdateByUserID],[IsMandatory],[ReferenceQuestionID],[VitalSignID],[BodyID],[RelatedEntityName],[RelatedColumnName],[LookUpID],[IsUpdateRelatedEntity],[IsReadOnly],[NursingDisplayAs],[EquivalentQuestionID],[IsEmptyDefault],[IsNotOverWriteRelatedEntity])
VALUES(N'PTG.OB.OBC',NULL,NULL,NULL,N'Pemberian Obat dan Cairan IV',NULL,N'TXT',NULL,NULL,NULL,NULL,NULL,NULL,NULL,'',NULL,'',NULL,NULL,NULL,N'han',NULL,NULL,N'PTG.OB.OBC',NULL,NULL,NULL,NULL,NULL,NULL,NULL,NULL,NULL,NULL);
INSERT INTO [Question]([QuestionID],[ParentQuestionID],[IndexNo],[QuestionLevel],[QuestionText],[QuestionShortText],[SRAnswerType],[AnswerDecimalDigit],[AnswerPrefix],[AnswerSuffix],[IsActive],[AnswerWidth],[AnswerWidth2],[QuestionAnswerSelectionID],[QuestionAnswerDefaultSelectionID],[QuestionAnswerSelectionID2],[QuestionAnswerDefaultSelectionID2],[Formula],[IsAlwaysPrint],[LastUpdateDateTime],[LastUpdateByUserID],[IsMandatory],[ReferenceQuestionID],[VitalSignID],[BodyID],[RelatedEntityName],[RelatedColumnName],[LookUpID],[IsUpdateRelatedEntity],[IsReadOnly],[NursingDisplayAs],[EquivalentQuestionID],[IsEmptyDefault],[IsNotOverWriteRelatedEntity])
VALUES(N'PTG.OK.OKS',NULL,NULL,NULL,N'Pemberian Oksitoksin UI/500 ml: - Jumlah (ml)',NULL,N'NUM',0,NULL,NULL,NULL,NULL,NULL,NULL,'',NULL,'',NULL,NULL,NULL,N'han',NULL,NULL,N'PTG.OB.OKS',NULL,NULL,NULL,NULL,NULL,NULL,NULL,NULL,NULL,NULL);
INSERT INTO [Question]([QuestionID],[ParentQuestionID],[IndexNo],[QuestionLevel],[QuestionText],[QuestionShortText],[SRAnswerType],[AnswerDecimalDigit],[AnswerPrefix],[AnswerSuffix],[IsActive],[AnswerWidth],[AnswerWidth2],[QuestionAnswerSelectionID],[QuestionAnswerDefaultSelectionID],[QuestionAnswerSelectionID2],[QuestionAnswerDefaultSelectionID2],[Formula],[IsAlwaysPrint],[LastUpdateDateTime],[LastUpdateByUserID],[IsMandatory],[ReferenceQuestionID],[VitalSignID],[BodyID],[RelatedEntityName],[RelatedColumnName],[LookUpID],[IsUpdateRelatedEntity],[IsReadOnly],[NursingDisplayAs],[EquivalentQuestionID],[IsEmptyDefault],[IsNotOverWriteRelatedEntity])
VALUES(N'PTG.OK.TTS',NULL,NULL,NULL,N'Pemberian Oksitoksin UI/500 ml: - Tetesan per menit',NULL,N'NUM',0,NULL,NULL,NULL,NULL,NULL,NULL,'',NULL,'',NULL,NULL,NULL,N'han',NULL,NULL,N'PTG.OB.TTS',NULL,NULL,NULL,NULL,NULL,NULL,NULL,NULL,NULL,NULL);
INSERT INTO [Question]([QuestionID],[ParentQuestionID],[IndexNo],[QuestionLevel],[QuestionText],[QuestionShortText],[SRAnswerType],[AnswerDecimalDigit],[AnswerPrefix],[AnswerSuffix],[IsActive],[AnswerWidth],[AnswerWidth2],[QuestionAnswerSelectionID],[QuestionAnswerDefaultSelectionID],[QuestionAnswerSelectionID2],[QuestionAnswerDefaultSelectionID2],[Formula],[IsAlwaysPrint],[LastUpdateDateTime],[LastUpdateByUserID],[IsMandatory],[ReferenceQuestionID],[VitalSignID],[BodyID],[RelatedEntityName],[RelatedColumnName],[LookUpID],[IsUpdateRelatedEntity],[IsReadOnly],[NursingDisplayAs],[EquivalentQuestionID],[IsEmptyDefault],[IsNotOverWriteRelatedEntity])
VALUES(N'PTG.U.AST',NULL,NULL,NULL,N'Urine - Aseton',NULL,N'NUM',0,NULL,NULL,NULL,NULL,NULL,NULL,'',NULL,'',NULL,NULL,NULL,N'han',NULL,NULL,N'PTG.U.AST',NULL,NULL,NULL,NULL,NULL,NULL,NULL,NULL,NULL,NULL);
INSERT INTO [Question]([QuestionID],[ParentQuestionID],[IndexNo],[QuestionLevel],[QuestionText],[QuestionShortText],[SRAnswerType],[AnswerDecimalDigit],[AnswerPrefix],[AnswerSuffix],[IsActive],[AnswerWidth],[AnswerWidth2],[QuestionAnswerSelectionID],[QuestionAnswerDefaultSelectionID],[QuestionAnswerSelectionID2],[QuestionAnswerDefaultSelectionID2],[Formula],[IsAlwaysPrint],[LastUpdateDateTime],[LastUpdateByUserID],[IsMandatory],[ReferenceQuestionID],[VitalSignID],[BodyID],[RelatedEntityName],[RelatedColumnName],[LookUpID],[IsUpdateRelatedEntity],[IsReadOnly],[NursingDisplayAs],[EquivalentQuestionID],[IsEmptyDefault],[IsNotOverWriteRelatedEntity])
VALUES(N'PTG.U.PTN',NULL,NULL,NULL,N'Urine - Protein',NULL,N'NUM',0,NULL,NULL,NULL,NULL,NULL,NULL,'',NULL,'',NULL,NULL,NULL,N'han',NULL,NULL,N'PTG.U.PTN',NULL,NULL,NULL,NULL,NULL,NULL,NULL,NULL,NULL,NULL);
INSERT INTO [Question]([QuestionID],[ParentQuestionID],[IndexNo],[QuestionLevel],[QuestionText],[QuestionShortText],[SRAnswerType],[AnswerDecimalDigit],[AnswerPrefix],[AnswerSuffix],[IsActive],[AnswerWidth],[AnswerWidth2],[QuestionAnswerSelectionID],[QuestionAnswerDefaultSelectionID],[QuestionAnswerSelectionID2],[QuestionAnswerDefaultSelectionID2],[Formula],[IsAlwaysPrint],[LastUpdateDateTime],[LastUpdateByUserID],[IsMandatory],[ReferenceQuestionID],[VitalSignID],[BodyID],[RelatedEntityName],[RelatedColumnName],[LookUpID],[IsUpdateRelatedEntity],[IsReadOnly],[NursingDisplayAs],[EquivalentQuestionID],[IsEmptyDefault],[IsNotOverWriteRelatedEntity])
VALUES(N'PTG.U.VOL',NULL,NULL,NULL,N'Urine - Volume',NULL,N'NUM',0,NULL,NULL,NULL,NULL,NULL,NULL,'',NULL,'',NULL,NULL,NULL,N'han',NULL,NULL,N'PTG.U.VOL',NULL,NULL,NULL,NULL,NULL,NULL,NULL,NULL,NULL,NULL);


INSERT INTO [QuestionAnswerSelection]([QuestionAnswerSelectionID],[QuestionAnswerSelectionText],[LastUpdateDateTime],[LastUpdateByUserID])
VALUES(N'PTG.KJ.KTB',N'Kondisi Janin: - Air Ketuban',NULL,N'han');
INSERT INTO [QuestionAnswerSelection]([QuestionAnswerSelectionID],[QuestionAnswerSelectionText],[LastUpdateDateTime],[LastUpdateByUserID])
VALUES(N'PTG.KJ.PNY',N'Kondisi Janin: - Penyusupan Tulang Kepala Janin (Molase/Molding)',NULL,N'han');
INSERT INTO [QuestionAnswerSelection]([QuestionAnswerSelectionID],[QuestionAnswerSelectionText],[LastUpdateDateTime],[LastUpdateByUserID])
VALUES(N'PTG.KP.KUT',N'Kemajuan Persalinan: - Kontraksi Uterus',NULL,N'han');

INSERT INTO [QuestionAnswerSelectionLine]([QuestionAnswerSelectionID],[QuestionAnswerSelectionLineID],[QuestionAnswerSelectionLineText],[LastUpdateDateTime],[LastUpdateByUserID],[Score])
VALUES(N'PTG.KJ.KTB',N'D',N'Darah, air ketuban bercampur darah',NULL,N'han',NULL);
INSERT INTO [QuestionAnswerSelectionLine]([QuestionAnswerSelectionID],[QuestionAnswerSelectionLineID],[QuestionAnswerSelectionLineText],[LastUpdateDateTime],[LastUpdateByUserID],[Score])
VALUES(N'PTG.KJ.KTB',N'J',N'Jernih, selaput ketuban pecah dan air ketuban',NULL,N'han',NULL);
INSERT INTO [QuestionAnswerSelectionLine]([QuestionAnswerSelectionID],[QuestionAnswerSelectionLineID],[QuestionAnswerSelectionLineText],[LastUpdateDateTime],[LastUpdateByUserID],[Score])
VALUES(N'PTG.KJ.KTB',N'K',N'Kering, tidak didapatinya cairan ketuban',NULL,N'han',NULL);
INSERT INTO [QuestionAnswerSelectionLine]([QuestionAnswerSelectionID],[QuestionAnswerSelectionLineID],[QuestionAnswerSelectionLineText],[LastUpdateDateTime],[LastUpdateByUserID],[Score])
VALUES(N'PTG.KJ.KTB',N'M',N'Mekonium, air ketuban bercampur dengan feses bayi',NULL,N'han',NULL);
INSERT INTO [QuestionAnswerSelectionLine]([QuestionAnswerSelectionID],[QuestionAnswerSelectionLineID],[QuestionAnswerSelectionLineText],[LastUpdateDateTime],[LastUpdateByUserID],[Score])
VALUES(N'PTG.KJ.KTB',N'U',N'Utuh, selaput ketuban masih utuh',NULL,N'han',NULL);
INSERT INTO [QuestionAnswerSelectionLine]([QuestionAnswerSelectionID],[QuestionAnswerSelectionLineID],[QuestionAnswerSelectionLineText],[LastUpdateDateTime],[LastUpdateByUserID],[Score])
VALUES(N'PTG.KJ.PNY',N'0',N'Sutura terpisah',NULL,N'han',NULL);
INSERT INTO [QuestionAnswerSelectionLine]([QuestionAnswerSelectionID],[QuestionAnswerSelectionLineID],[QuestionAnswerSelectionLineText],[LastUpdateDateTime],[LastUpdateByUserID],[Score])
VALUES(N'PTG.KJ.PNY',N'1',N'Tulang-tulang kepala janin hanya saling bersentuhan',NULL,N'han',NULL);
INSERT INTO [QuestionAnswerSelectionLine]([QuestionAnswerSelectionID],[QuestionAnswerSelectionLineID],[QuestionAnswerSelectionLineText],[LastUpdateDateTime],[LastUpdateByUserID],[Score])
VALUES(N'PTG.KJ.PNY',N'2',N'Sutura tumpang tindih tetapi masih dapat diperbaiki',NULL,N'han',NULL);
INSERT INTO [QuestionAnswerSelectionLine]([QuestionAnswerSelectionID],[QuestionAnswerSelectionLineID],[QuestionAnswerSelectionLineText],[LastUpdateDateTime],[LastUpdateByUserID],[Score])
VALUES(N'PTG.KJ.PNY',N'3',N'Sutura tumpang tindih dan tidak dapat diperbaiki',NULL,N'han',NULL);
INSERT INTO [QuestionAnswerSelectionLine]([QuestionAnswerSelectionID],[QuestionAnswerSelectionLineID],[QuestionAnswerSelectionLineText],[LastUpdateDateTime],[LastUpdateByUserID],[Score])
VALUES(N'PTG.KP.KUT',N'01',N'<20 detik',NULL,N'han',NULL);
INSERT INTO [QuestionAnswerSelectionLine]([QuestionAnswerSelectionID],[QuestionAnswerSelectionLineID],[QuestionAnswerSelectionLineText],[LastUpdateDateTime],[LastUpdateByUserID],[Score])
VALUES(N'PTG.KP.KUT',N'02',N'20-40 detik',NULL,N'han',NULL);
INSERT INTO [QuestionAnswerSelectionLine]([QuestionAnswerSelectionID],[QuestionAnswerSelectionLineID],[QuestionAnswerSelectionLineText],[LastUpdateDateTime],[LastUpdateByUserID],[Score])
VALUES(N'PTG.KP.KUT',N'03',N'>40 detik',NULL,N'han',NULL);


UPDATE Question SET VitalSignID = 'BP1' WHERE QuestionID='A.KDV.1TDS'
UPDATE Question SET VitalSignID = 'BP2' WHERE QuestionID='A.KDV.2TDD'


BEGIN TRANSACTION	
UPDATE a
SET    a.IsActive = 1
FROM   [Question] a
       INNER JOIN [NursingDiagnosaTemplateDetail] c
            ON  a.[QuestionID] = c.[QuestionID]
WHERE  c.[TemplateID] = (
           SELECT TOP 1 t.[TemplateID]
           FROM   NursingDiagnosaTemplate t
           WHERE  t.TemplateName = 'Partograph'
                  AND t.IsActive = 1
       )

IF (@@ROWCOUNT=17)
BEGIN
    COMMIT 
    PRINT 'COMMIT'
END
ELSE
BEGIN
    ROLLBACK 
    PRINT 'ROLLBACK'
END 
	 
go
UPDATE question SET SRAnswerType = 'RBT' WHERE QuestionID IN('PTG.KJ.KTB','PTG.KJ.PNY','PTG.KP.KUT')